{"cameraMode":{"drawMode":0,"name":"Shaded","section":"Shading Mode"},"sceneLighting":true,"audioPlay":false,"sceneViewState":{"showFog":true,"showMaterialUpdate":false,"showSkybox":true,"showFlares":true,"showImageEffects":true,"showParticleSystems":true},"in2DMode":false,"pivot":{"x":0.5060861110687256,"y":0.16962695121765138,"z":-0.9309028387069702},"rotation":{"x":0.013305732980370522,"y":-0.9297871589660645,"z":0.03377537801861763,"w":0.3663032352924347},"size":2.4564833641052248,"orthographic":false}